character_name,1987,7891,Arasaka,Armydesert,Armygreen,Bamboo,Cloud,Cosmic,Dawn,Flute,Freight,Grassland,KangTao,Liquidation,Militech,NUSA,Newspaper,OldRusty,Purplestar,Rainbow,Rose,Runic,Snowflake,Sovereign,Tigris
Ace,50.30303030303031,48.08362369337979,50.68027210884354,47.2560975609756,44.18604651162791,53.17220543806647,43.4640522875817,48.35820895522388,44.03973509933775,47.5177304964539,46.51162790697674,43.67088607594937,45.39249146757679,51.419558359621455,49.839228295819936,55.16129032258065,48.68421052631579,52.84280936454849,51.935483870967744,52.61538461538462,44.7098976109215,51.29032258064517,45.21452145214521,49.44649446494465,49.37106918238994
AceAL,46.25,59.87460815047022,53.125,49.42528735632184,53.23529411764706,47.49262536873156,49.54128440366973,41.17647058823529,50.65359477124183,50.0,51.66666666666667,55.14950166112956,51.06382978723404,55.98705501618123,51.702786377708975,52.05047318611987,49.839228295819936,53.103448275862064,47.80058651026393,49.46996466431096,51.17056856187291,55.033557046979865,47.474747474747474,48.333333333333336,46.42857142857143
April,49.17491749174918,51.60142348754449,48.61111111111111,50.98039215686274,55.59322033898305,48.91640866873065,51.16279069767442,47.05882352941176,47.78481012658228,52.8023598820059,46.601941747572816,44.8051948051948,47.11246200607903,52.84810126582279,52.95950155763239,51.10294117647059,52.73311897106109,54.69798657718121,54.516129032258064,49.38271604938272,43.68932038834952,50.77399380804953,47.333333333333336,53.20512820512821,49.50495049504951
Beacon,43.582089552238806,46.33204633204633,46.3768115942029,48.93617021276596,45.808383233532936,45.11784511784512,49.696969696969695,40.604026845637584,40.21739130434783,44.08284023668639,47.72727272727273,47.651006711409394,42.25352112676056,49.523809523809526,41.0958904109589,47.20496894409938,47.89644012944984,43.29896907216495,44.54828660436137,44.66666666666666,49.11660777385159,48.50498338870432,43.25153374233129,45.0,44.06779661016949
Bell,45.11784511784512,51.446945337620576,43.15068493150685,47.540983606557376,51.34328358208955,42.94478527607362,35.76388888888889,45.936395759717314,50.955414012738856,53.38078291814946,47.44744744744745,39.70149253731344,50.64102564102564,48.89589905362776,46.66666666666666,46.82274247491639,50.0,52.94117647058824,47.88732394366197,51.85185185185185,44.6875,46.76923076923077,49.8371335504886,50.60240963855421,43.09210526315789
Brandon,57.40181268882175,55.8641975308642,53.50877192982456,57.80730897009967,60.509554140127385,53.898305084745765,61.44578313253012,54.421768707483,58.07453416149069,54.91525423728814,41.84397163120568,56.3573883161512,54.82866043613706,56.74846625766872,60.73619631901841,54.858934169279,56.333333333333336,52.38095238095239,57.89473684210527,55.00000000000001,49.050632911392405,54.89510489510489,57.44047619047619,58.18181818181818,54.98281786941581
Cate,54.93827160493827,59.813084112149525,50.15576323987538,57.0446735395189,53.4965034965035,57.19063545150501,50.63694267515923,47.2668810289389,53.04054054054054,52.72108843537416,51.39860139860139,55.00000000000001,55.51601423487544,57.34767025089605,52.960526315789465,57.377049180327866,53.40501792114696,53.92156862745098,52.75080906148867,52.64797507788161,51.38461538461539,60.535117056856194,58.22784810126582,52.25225225225225,55.4054054054054
Cattee,52.05992509363296,52.071005917159766,54.75409836065573,51.52542372881356,52.50737463126843,52.85714285714286,48.90282131661442,56.83453237410072,56.25,48.0,51.89873417721519,49.82698961937716,49.122807017543856,52.22222222222223,55.18394648829431,52.05047318611987,44.98381877022653,54.46153846153846,61.44200626959248,49.3006993006993,50.0,55.08196721311476,50.17301038062284,52.17391304347826,51.38461538461539
Cerberus,51.24999999999999,51.98675496688742,49.501661129568106,52.083333333333336,54.69255663430421,45.9546925566343,46.30225080385852,43.53741496598639,50.308641975308646,50.85910652920962,51.45631067961165,48.4375,52.41157556270096,56.26911314984709,51.419558359621455,50.64935064935064,47.75086505190311,53.776435045317214,55.69620253164557,49.8422712933754,50.60606060606061,50.495049504950494,53.41614906832298,50.15576323987538,51.61290322580645
Chei,50.85324232081911,51.038575667655785,56.33802816901409,55.34591194968554,55.66666666666666,51.3595166163142,45.54455445544555,45.36741214057509,49.53846153846154,57.234726688102896,49.66887417218543,50.31055900621118,52.68456375838926,52.537313432835816,53.17220543806647,57.04918032786885,53.58361774744027,47.50830564784053,60.0,49.01960784313725,51.85185185185185,51.22699386503068,58.84353741496599,53.91849529780565,51.038575667655785
CheiHW,54.45205479452054,56.957928802589,51.245551601423486,48.598130841121495,58.66261398176293,53.02491103202846,44.94047619047619,47.23127035830619,52.98245614035088,46.12676056338028,52.52525252525253,47.8688524590164,48.8817891373802,54.48504983388705,53.35463258785943,52.30263157894737,53.956834532374096,56.72131147540984,50.0,50.0,48.64864864864865,60.59602649006622,58.13953488372093,56.76567656765676,51.28205128205128
Chiffon,55.16014234875445,53.47222222222222,51.82724252491694,54.268292682926834,47.48427672955975,46.05678233438486,50.68493150684932,52.25225225225225,54.48028673835126,50.37037037037037,55.47703180212014,53.103448275862064,55.172413793103445,57.59493670886076,52.41379310344828,52.53623188405797,52.05047318611987,53.31230283911672,66.14420062695925,49.333333333333336,53.5031847133758,49.3006993006993,55.90277777777778,52.50737463126843,45.0
Clarence,49.84423676012461,55.12048192771084,46.0,42.35668789808918,48.92966360856269,48.14814814814815,46.36015325670498,39.52095808383233,46.64536741214057,49.69512195121951,47.01754385964912,47.90419161676647,47.61904761904761,52.21518987341772,45.68690095846645,48.21428571428572,47.93103448275862,56.14617940199336,47.11864406779661,48.24281150159744,47.96511627906977,41.63934426229508,51.09717868338558,48.78892733564014,44.63087248322148
Cliffe,53.91849529780565,57.86163522012578,50.83056478405316,51.04166666666666,56.00000000000001,51.70068027210885,45.37037037037037,47.7124183006536,54.82758620689655,44.98381877022653,45.19572953736655,47.4025974025974,49.84126984126984,52.66457680250783,52.108433734939766,55.673758865248224,48.77300613496933,50.98039215686274,53.191489361702125,49.65277777777778,48.333333333333336,51.71428571428572,54.87804878048781,48.84488448844885,53.94736842105263
Clover,49.12891986062718,45.27027027027027,48.170731707317074,44.48398576512456,50.0,43.75,45.6953642384106,42.31974921630094,47.33096085409253,42.2077922077922,46.07843137254902,46.40718562874252,44.516129032258064,47.47774480712167,41.50326797385621,49.843260188087775,53.51170568561873,48.44290657439446,48.50498338870432,48.22006472491909,53.53846153846153,48.170731707317074,45.51083591331269,45.39473684210527,47.74774774774775
Cocoa,58.67507886435332,60.42944785276073,58.59872611464968,61.886792452830186,62.94117647058823,63.49206349206349,56.70731707317073,58.3596214511041,60.12861736334405,55.78231292517006,58.88157894736842,55.663430420711975,56.82656826568265,63.66559485530546,59.07473309608541,63.46749226006192,55.70469798657718,60.19108280254777,54.85074626865672,63.85135135135135,57.02479338842975,58.38509316770186,59.68253968253968,63.06306306306306,55.625
CocoaRT,60.48951048951049,51.651651651651655,60.3896103896104,61.12956810631229,55.58912386706949,57.73195876288659,46.478873239436616,60.78431372549019,58.97435897435898,54.40251572327044,53.11572700296736,57.377049180327866,53.59477124183007,60.14234875444839,58.94039735099338,63.608562691131496,51.44927536231884,65.06410256410257,53.90625,59.04761904761905,52.38095238095239,58.4070796460177,62.27106227106227,58.02047781569966,53.01204819277109
Cory,40.24767801857585,42.8125,40.31746031746032,47.40484429065744,35.59870550161812,38.853503184713375,38.97280966767372,40.32258064516129,37.13235294117647,54.81727574750831,41.86746987951807,38.125,36.03896103896104,40.75235109717868,36.36363636363637,39.15492957746479,37.88819875776397,29.2358803986711,43.97163120567376,40.69400630914826,35.38961038961039,35.31353135313531,37.22397476340694,40.95563139931741,39.83050847457627
Cupid,46.25850340136054,47.2972972972973,50.0,42.81150159744409,55.9748427672956,47.491638795986624,44.40677966101695,44.0,45.63106796116505,42.85714285714285,32.73381294964029,37.96610169491525,47.82608695652174,48.85993485342019,45.73378839590443,52.07667731629393,42.81150159744409,38.2716049382716,48.837209302325576,41.80064308681672,43.333333333333336,55.68513119533528,47.77070063694268,48.51190476190476,40.06622516556291
Don,49.03846153846153,52.54777070063695,46.17834394904459,51.02040816326531,54.00696864111498,43.58974358974359,47.93103448275862,43.07228915662651,47.42647058823529,46.57980456026058,49.37106918238994,43.50649350649351,49.333333333333336,50.64102564102564,48.17275747508305,49.11242603550296,44.31137724550898,43.217665615141954,48.98648648648648,47.5,49.21135646687697,47.6038338658147,43.23432343234324,49.84025559105431,43.16770186335403
Dophine,45.936395759717314,46.913580246913575,48.18481848184818,45.89041095890411,52.06896551724138,47.1947194719472,46.52014652014652,48.13559322033898,44.98381877022653,41.935483870967744,48.56230031948881,44.44444444444444,47.41935483870968,45.83333333333333,46.48829431438127,48.82154882154882,46.15384615384615,47.07692307692308,51.94805194805194,51.26582278481012,45.73170731707317,53.74592833876222,43.75,46.17737003058104,47.12643678160919
East,42.23826714801445,50.0,51.75718849840255,42.22972972972973,41.66666666666667,48.25174825174825,43.61370716510904,42.85714285714285,42.2680412371134,44.52054794520548,44.230769230769226,45.63758389261745,48.07017543859649,46.06741573033708,47.333333333333336,54.248366013071895,48.97959183673469,45.928338762214985,47.86585365853659,44.87179487179488,44.72843450479233,51.03448275862069,48.86731391585761,43.68231046931408,47.122302158273385
Eddie,49.333333333333336,52.142857142857146,50.0,52.66666666666666,47.6027397260274,44.73684210526316,52.88135593220339,44.89795918367347,49.69512195121951,49.696969696969695,53.59116022099448,50.495049504950494,49.46996466431096,52.52525252525253,48.36601307189542,53.04054054054054,46.62162162162162,43.65325077399381,50.61349693251533,47.756410256410255,48.028673835125446,51.320754716981135,41.85185185185185,48.75776397515528,48.632218844984806
Fenrir,42.96296296296296,46.28099173553719,54.07407407407408,42.64705882352941,45.96774193548387,38.52459016393443,36.56716417910448,39.16666666666666,42.85714285714285,40.458015267175576,43.79562043795621,36.734693877551024,50.37593984962406,51.93798449612403,40.15748031496063,47.61904761904761,50.83333333333333,47.651006711409394,47.482014388489205,44.82758620689656,47.05882352941176,37.1900826446281,47.72727272727273,48.14814814814815,50.37037037037037
Fox,55.590062111801245,56.375838926174495,54.60526315789473,55.72755417956656,54.95495495495496,58.84353741496599,54.45544554455446,58.303886925795055,51.84135977337111,53.987730061349694,55.172413793103445,56.22895622895623,56.49122807017544,55.83941605839416,57.8125,57.82312925170068,59.00621118012423,55.27156549520767,56.782334384858046,51.33333333333333,57.04918032786885,55.88235294117647,59.50704225352113,54.38066465256798,60.33898305084746
Fred,51.11111111111111,48.55305466237942,54.70383275261324,47.45762711864407,46.41638225255973,44.599303135888505,42.07119741100323,48.54368932038835,44.680851063829785,47.94952681388013,54.49101796407185,52.06349206349207,48.589341692789965,53.58490566037736,48.026315789473685,51.27272727272727,49.08424908424908,50.47923322683706,48.24281150159744,46.40522875816993,45.483870967741936,52.24358974358975,52.03488372093024,54.57516339869281,46.89655172413793
Freya,50.65359477124183,47.540983606557376,47.491638795986624,51.37931034482759,46.80851063829788,48.91640866873065,41.47157190635451,47.46268656716418,52.14723926380368,51.10294117647059,48.40764331210191,46.13003095975232,47.30538922155689,47.09480122324159,50.0,50.66666666666667,50.877192982456144,49.35064935064935,53.453453453453456,50.60606060606061,44.40677966101695,51.85185185185185,46.03174603174603,50.58479532163743,47.540983606557376
FreyaBP,55.631399317406135,54.39739413680782,48.71794871794872,51.864406779661024,63.06306306306306,51.85185185185185,55.9748427672956,54.9520766773163,57.05128205128205,57.59493670886076,58.03278688524591,54.09836065573771,54.87804878048781,60.24844720496895,54.19161676646706,52.79503105590062,53.03514376996805,50.45871559633027,56.93215339233039,57.19424460431655,52.31788079470199,57.4585635359116,58.0246913580247,59.42492012779552,49.681528662420384
FreyaSK,47.38461538461539,48.466257668711656,42.10526315789473,42.24422442244224,51.488095238095234,45.74132492113564,46.026490066225165,51.11111111111111,50.32258064516129,46.08150470219436,48.71794871794872,45.34534534534534,50.17301038062284,49.54128440366973,46.30225080385852,52.071005917159766,47.66666666666667,44.89051094890511,48.22006472491909,50.34722222222222,45.58404558404558,48.38709677419355,49.54128440366973,42.57425742574257,41.935483870967744
Gabe,46.00638977635783,52.59938837920489,50.96153846153846,53.06122448979592,45.56574923547401,44.79495268138801,43.59861591695502,48.125,43.91891891891892,44.48398576512456,49.21135646687697,47.61904761904761,48.014440433213,47.18100890207715,46.464646464646464,46.96485623003195,47.88273615635179,46.96485623003195,54.03726708074535,46.27329192546584,51.29032258064517,49.81818181818182,44.303797468354425,51.873198847262245,48.170731707317074
Galahad,48.34437086092716,44.481605351170565,39.130434782608695,41.776315789473685,43.85382059800664,43.89438943894389,36.94267515923567,41.03448275862069,38.782051282051285,43.00341296928328,43.103448275862064,45.0,39.80582524271845,40.06849315068493,41.97080291970803,47.7124183006536,44.29530201342282,41.92546583850932,48.74213836477988,38.85135135135135,37.93103448275862,39.61661341853035,43.43065693430657,40.32786885245901,34.65703971119133
Gareth,49.16943521594684,51.21951219512195,47.8125,43.13725490196079,45.57377049180328,43.90243902439025,45.911949685534594,45.90747330960854,39.48220064724919,46.25407166123778,46.60493827160494,43.79310344827586,53.0,48.42105263157895,45.70552147239264,49.8360655737705,46.51162790697674,47.85276073619632,44.0251572327044,41.82389937106918,46.86468646864687,44.91803278688525,49.647887323943664,50.84745762711864,43.260188087774296
Gawain,44.55445544554456,46.84684684684685,46.70487106017192,44.16403785488959,49.849849849849846,47.66355140186916,33.79790940766551,40.17857142857143,48.95104895104895,43.28358208955223,47.52475247524752,38.853503184713375,51.11821086261981,45.11784511784512,47.64890282131661,46.70846394984326,45.71428571428572,42.59818731117825,43.925233644859816,47.01754385964912,42.75092936802974,50.78864353312302,47.50830564784053,44.336569579288025,39.26174496644296
George,49.01315789473684,53.956834532374096,43.9344262295082,43.925233644859816,53.40136054421769,47.51552795031056,49.358974358974365,53.24232081911264,50.15576323987538,48.28660436137071,50.495049504950494,47.6038338658147,48.08362369337979,52.02702702702703,46.2962962962963,55.1829268292683,44.099378881987576,49.34640522875817,49.31506849315068,49.8533724340176,45.63106796116505,46.026490066225165,42.95774647887324,44.966442953020135,49.31972789115646
Glass,50.68027210884354,47.81144781144781,47.82608695652174,47.64890282131661,54.96894409937888,53.24675324675325,51.75438596491229,44.5859872611465,49.29577464788733,50.62893081761006,42.443729903536976,48.13559322033898,50.54945054945055,46.93877551020408,44.5945945945946,51.47540983606558,46.73202614379085,54.91525423728814,51.17056856187291,50.15384615384615,46.62576687116564,49.2063492063492,47.0,49.40828402366864,49.829351535836174
Heracles,50.0,54.63258785942492,47.31543624161073,55.5205047318612,60.66666666666667,52.6813880126183,44.48051948051948,56.20689655172414,48.73646209386281,64.49511400651465,60.31746031746032,52.264808362369344,48.72611464968153,55.51470588235294,49.01960784313725,55.172413793103445,58.30618892508144,51.057401812688816,46.95945945945946,55.55555555555556,50.331125827814574,59.49367088607595,54.0268456375839,52.28070175438596,51.48514851485149
Imada,46.03174603174603,48.54368932038835,50.0,50.6578947368421,46.36363636363636,45.51724137931035,50.15873015873016,46.875,50.77399380804953,44.14715719063545,47.774480712166174,44.7098976109215,49.18032786885246,52.97805642633229,47.60479041916168,49.70238095238096,44.55128205128205,52.30263157894737,47.21311475409836,47.74193548387097,45.87458745874587,46.03174603174603,55.3125,45.32163742690059,48.98648648648648
Inaba,40.72847682119205,44.518272425249165,40.47619047619048,44.55445544554456,44.51219512195122,39.64912280701755,46.51162790697674,42.40282685512368,40.70512820512821,39.1025641025641,49.01960784313725,37.269372693726936,41.08761329305136,47.23247232472325,36.39344262295082,43.17460317460318,37.95620437956204,48.68421052631579,45.39249146757679,38.21428571428571,40.33898305084746,46.27831715210356,40.484429065743946,45.0,42.65232974910394
Iris,46.39498432601881,57.78443113772455,51.53374233128834,55.48961424332344,53.17725752508361,47.57281553398058,50.324675324675326,45.73170731707317,53.72670807453416,52.88753799392097,53.26797385620915,47.54716981132076,50.78864353312302,48.37662337662338,51.0,53.38078291814946,46.66666666666666,46.08150470219436,58.95765472312704,46.68874172185431,47.875354107648725,56.00000000000001,53.086419753086425,49.83164983164984,58.16993464052288
Jerry,54.51895043731778,51.97368421052632,57.4750830564784,57.27002967359051,50.505050505050505,55.59440559440559,52.42424242424243,54.761904761904766,52.760736196319016,51.51515151515152,61.16504854368932,52.54777070063695,54.0785498489426,53.74592833876222,58.58895705521472,50.689655172413794,59.06040268456376,52.32974910394266,56.93950177935944,47.66081871345029,53.64238410596026,55.04587155963303,53.94321766561514,54.0268456375839,51.77514792899408
Jingke,43.71257485029941,44.36619718309859,42.44604316546763,42.66666666666667,48.71794871794872,44.193548387096776,37.67605633802817,40.13840830449827,48.48484848484848,43.333333333333336,40.20979020979021,41.36807817589577,44.17808219178082,42.25352112676056,41.254125412541256,41.88311688311688,40.13377926421405,44.303797468354425,41.15853658536585,43.9344262295082,42.42424242424242,43.08176100628931,44.518272425249165,40.41916167664671,42.474916387959865
Joe,43.75,44.40894568690096,35.223880597014926,43.47826086956522,47.33542319749217,34.954407294832826,44.44444444444444,42.12034383954155,44.761904761904766,45.674740484429066,38.35616438356164,43.83116883116883,45.9375,40.76655052264808,43.36569579288026,41.00946372239748,45.80645161290322,36.12040133779264,43.18936877076412,47.368421052631575,41.81818181818181,42.296072507552864,38.96551724137931,36.92307692307693,39.93399339933993
Kyle,50.35460992907801,54.79876160990712,52.17391304347826,48.35820895522388,44.18604651162791,52.47524752475248,58.58895705521472,45.51724137931035,50.83056478405316,44.83775811209439,50.58479532163743,49.10179640718562,56.08974358974359,52.84810126582279,51.59420289855072,46.39175257731959,50.482315112540185,44.83870967741935,47.9020979020979,44.15204678362573,47.73519163763066,46.55737704918032,51.57232704402516,47.35099337748344,44.74576271186441
Lancelot,53.18471337579618,48.9051094890511,54.071661237785015,51.671732522796354,52.47524752475248,50.737463126843664,53.135313531353134,49.34640522875817,51.10410094637224,50.47619047619048,50.0,45.94594594594595,50.15290519877675,53.01587301587302,45.82043343653251,52.59938837920489,52.90102389078498,53.20512820512821,50.331125827814574,51.64179104477612,48.598130841121495,52.348993288590606,56.16438356164384,51.5625,53.06748466257669
Lenpo,51.19047619047619,50.0,47.22222222222222,45.45454545454545,54.49101796407185,53.090909090909086,36.78929765886287,44.25087108013937,52.95950155763239,46.496815286624205,54.19354838709678,46.540880503144656,52.68817204301075,49.647887323943664,49.48453608247423,53.5031847133758,47.6027397260274,53.44262295081968,51.03448275862069,46.05678233438486,44.65408805031446,46.92307692307692,49.47735191637631,53.94736842105263,49.23076923076923
LenpoOG,53.352769679300295,54.01234567901234,46.03658536585366,53.24675324675325,60.9271523178808,52.84280936454849,43.55400696864111,51.38461538461539,55.70469798657718,46.93251533742331,49.8533724340176,45.65217391304348,49.83388704318937,52.121212121212125,50.47923322683706,55.43859649122807,48.0565371024735,48.19672131147541,51.74603174603176,52.95950155763239,49.24012158054711,53.535353535353536,52.18855218855219,55.12820512820513,44.40789473684211
Lester,43.4375,49.333333333333336,42.01954397394137,45.17241379310345,42.5,41.265060240963855,43.35443037974683,46.496815286624205,44.55445544554456,42.85714285714285,40.67278287461774,43.84057971014493,46.66666666666666,45.751633986928105,41.30434782608695,42.443729903536976,40.59040590405904,44.9685534591195,40.298507462686565,37.69968051118211,43.884892086330936,42.331288343558285,40.63492063492063,43.401759530791786,42.333333333333336
Lillia,45.86206896551724,50.72463768115942,48.8817891373802,50.0,51.4018691588785,45.32374100719424,39.62848297213623,48.47560975609756,50.0,55.0314465408805,44.40559440559441,42.85714285714285,43.18181818181818,44.76744186046512,41.935483870967744,49.8422712933754,49.6987951807229,49.235474006116206,43.710691823899374,44.230769230769226,43.80952380952381,44.91803278688525,50.64102564102564,52.43055555555556,43.260188087774296
Lu,44.14414414414414,46.02076124567474,45.84837545126354,46.749226006191954,37.41496598639456,43.197278911564624,44.336569579288025,43.76996805111821,45.19230769230769,44.14715719063545,50.36496350364964,42.27129337539432,49.66442953020135,45.39473684210527,44.984802431610944,46.70487106017192,44.0251572327044,42.76315789473684,46.17737003058104,40.7185628742515,43.4640522875817,38.2183908045977,39.08794788273616,45.51971326164875,41.29032258064516
Luna,49.52681388012618,54.37499999999999,52.46478873239436,46.62162162162162,54.18060200668896,49.34640522875817,40.95238095238095,53.76712328767124,45.588235294117645,48.19672131147541,54.7945205479452,45.42253521126761,50.83056478405316,51.92982456140351,49.36305732484077,53.43750000000001,48.97959183673469,51.63398692810458,50.31250000000001,44.89795918367347,48.5207100591716,53.20512820512821,51.75718849840255,42.85714285714285,52.348993288590606
Martin,43.217665615141954,42.2360248447205,49.37888198757764,44.95412844036697,44.04761904761904,45.32871972318339,39.29824561403509,40.53156146179402,41.36690647482014,42.028985507246375,45.13888888888889,37.65822784810127,42.95774647887324,47.07792207792208,42.19269102990033,47.452229299363054,42.443729903536976,40.15151515151515,50.54945054945055,39.00709219858156,46.0,42.038216560509554,45.50408719346049,43.62416107382551,41.23376623376623
Mitsuki,44.32624113475177,51.16279069767442,48.90965732087228,45.84717607973422,49.16943521594684,44.599303135888505,46.10778443113773,48.78048780487805,44.207317073170735,53.99361022364217,46.2046204620462,45.06172839506173,49.38650306748466,48.62068965517241,44.89795918367347,47.43202416918429,47.07792207792208,47.66355140186916,48.76543209876543,45.483870967741936,51.55709342560554,44.82758620689656,48.23943661971831,48.754448398576514,50.0
Moe,46.20253164556962,52.30769230769232,44.02730375426621,49.66887417218543,55.24691358024691,49.501661129568106,38.31775700934579,50.50847457627119,45.01510574018127,53.125,43.161094224924014,43.11594202898551,49.21135646687697,54.276315789473685,50.70921985815603,48.90965732087228,51.16279069767442,49.5114006514658,51.41065830721004,46.15384615384615,47.46835443037975,49.67105263157895,51.73611111111112,52.84810126582279,44.17910447761194
Nata,51.35135135135135,50.464396284829725,47.50830564784053,49.85754985754986,50.175438596491226,54.3046357615894,44.48275862068966,62.06896551724138,48.61538461538461,48.701298701298704,64.68646864686468,48.63945578231292,47.45762711864407,51.14006514657981,50.16611295681063,53.39506172839506,52.52525252525253,52.348993288590606,51.31578947368421,49.18032786885246,43.09764309764309,51.796407185628745,62.676056338028175,57.82312925170068,45.68690095846645
Nobutuna,52.79503105590062,53.59712230215828,56.64556962025317,47.651006711409394,50.5338078291815,48.90965732087228,45.79124579124579,48.32214765100672,44.94047619047619,43.89438943894389,48.17275747508305,50.15197568389058,61.07382550335571,52.33644859813084,54.15384615384615,48.35820895522388,44.51038575667656,46.026490066225165,48.39650145772595,49.84025559105431,43.45238095238096,56.375838926174495,50.294117647058826,51.702786377708975,49.71428571428572
NobutunaAL,46.64536741214057,43.53741496598639,48.76543209876543,45.588235294117645,50.16181229773464,50.30120481927711,41.92546583850932,45.3125,45.64564564564565,42.35668789808918,41.31944444444444,48.64864864864865,51.39318885448917,55.970149253731336,48.24281150159744,46.440677966101696,48.16053511705686,43.377483443708606,49.3006993006993,44.481605351170565,42.17252396166134,44.41087613293052,44.25675675675676,40.3125,43.80952380952381
Olive,55.9748427672956,53.87205387205387,51.65562913907284,52.02492211838005,57.04918032786885,51.85185185185185,56.1764705882353,50.45045045045045,51.84049079754601,55.74324324324324,53.54609929078015,49.49832775919732,50.63694267515923,61.90476190476191,55.07692307692308,56.44599303135889,51.37614678899083,50.82508250825083,60.534124629080125,51.46579804560261,52.63157894736842,56.333333333333336,55.18394648829431,52.99684542586751,49.31972789115646
Ophelia,53.956834532374096,57.23905723905723,55.016181229773466,49.83050847457628,54.63258785942492,52.4822695035461,52.68817204301075,54.42622950819672,56.95364238410596,52.54237288135594,54.36241610738255,51.9607843137255,54.57317073170732,62.37288135593221,51.65562913907284,53.459119496855344,51.08359133126935,51.97368421052632,55.33980582524271,51.25786163522013,49.70414201183432,53.963414634146346,50.64516129032258,52.63157894736842,55.14950166112956
Pepper,47.05882352941176,50.750750750750754,49.29078014184397,53.156146179402,53.48101265822785,53.289473684210535,53.25077399380805,45.0171821305842,48.026315789473685,48.56230031948881,50.67567567567568,45.794392523364486,48.47457627118644,49.49832775919732,46.85314685314685,52.76872964169381,49.66887417218543,48.5342019543974,46.12903225806452,49.839228295819936,50.79872204472844,49.35064935064935,50.1628664495114,50.33333333333333,45.84717607973422
Percival,42.34875444839858,42.71186440677966,47.86585365853659,46.39175257731959,50.30487804878049,41.59021406727829,46.13003095975232,39.87138263665595,45.76802507836991,38.92617449664429,46.10591900311526,48.86731391585761,51.33333333333333,49.37888198757764,44.58204334365325,49.01315789473684,43.333333333333336,45.588235294117645,42.94670846394985,41.333333333333336,47.3015873015873,45.794392523364486,49.16943521594684,47.52475247524752,40.28985507246377
Pheonix,54.0268456375839,51.67785234899329,49.52978056426332,57.44680851063831,58.45272206303726,51.82724252491694,52.20338983050847,54.81727574750831,56.104651162790695,58.4967320261438,51.37614678899083,54.48275862068965,54.1033434650456,62.42937853107344,55.14950166112956,52.083333333333336,52.71084337349398,56.19047619047619,58.12500000000001,50.50167224080268,51.9607843137255,54.61847389558233,53.5483870967742,54.340836012861736,53.156146179402
Pine,44.74708171206226,54.11392405063291,49.82817869415808,48.95833333333333,44.4015444015444,48.0,51.15511551155115,48.85245901639344,45.3968253968254,48.38709677419355,45.76271186440678,50.35971223021583,52.83018867924528,51.298701298701296,49.11032028469751,52.52525252525253,45.75645756457565,50.0,50.0,43.87755102040816,47.6038338658147,49.48805460750853,47.72727272727273,49.47368421052632,43.7037037037037
Pinee,50.3875968992248,46.51162790697674,57.23684210526315,48.46153846153846,59.310344827586206,56.25,55.08474576271186,50.63291139240506,58.64661654135338,55.79710144927537,42.63565891472868,57.77777777777777,54.14012738853503,48.031496062992126,50.0,60.0,52.75590551181102,51.2,54.48717948717948,52.066115702479344,50.72463768115942,61.15107913669065,53.73134328358209,57.93103448275863,50.0
Poppy,51.02739726027398,52.22929936305732,49.523809523809526,49.0566037735849,56.75675675675676,46.41638225255973,49.83388704318937,49.549549549549546,51.31578947368421,54.920634920634924,55.12820512820513,50.0,51.17056856187291,55.76923076923077,49.8360655737705,57.92880258899677,54.84848484848485,55.4054054054054,53.31010452961672,50.160771704180064,50.0,53.38983050847458,54.333333333333336,55.62130177514793,48.589341692789965
Qimon,51.92878338278932,48.68421052631579,43.32247557003257,48.18481848184818,48.589341692789965,52.21518987341772,46.95945945945946,51.60256410256411,48.85993485342019,43.8871473354232,46.96485623003195,42.10526315789473,45.45454545454545,48.059701492537314,50.814332247557005,49.83050847457628,49.67105263157895,46.07508532423208,48.04270462633452,43.82022471910113,46.15384615384615,47.85478547854785,47.2027972027972,46.52777777777778,51.76056338028169
QimonNY,41.95804195804196,46.41744548286604,44.83870967741935,42.94478527607362,43.344709897610926,44.06779661016949,38.56209150326798,39.61038961038961,50.0,42.90657439446367,38.2716049382716,45.77464788732394,47.719298245614034,49.51456310679612,42.474916387959865,45.149253731343286,41.90476190476191,39.61038961038961,45.33333333333333,40.25974025974026,41.875,39.52702702702703,48.36363636363637,38.15384615384615,39.74358974358975
Raven,53.18471337579618,52.87769784172662,48.45360824742268,54.07407407407408,54.071661237785015,45.74468085106383,46.885245901639344,50.15290519877675,52.85285285285285,48.90965732087228,53.02013422818792,49.67741935483871,45.28301886792453,52.903225806451616,48.69281045751634,53.5031847133758,44.207317073170735,43.20987654320987,59.176029962546814,50.78864353312302,53.896103896103895,51.96374622356496,47.07792207792208,46.31901840490797,42.50764525993883
RavenWB,54.25867507886435,54.08163265306123,58.53658536585365,53.35689045936396,56.04026845637584,52.20338983050847,50.943396226415096,53.420195439739416,48.26498422712934,49.681528662420384,51.63398692810458,50.0,54.57317073170732,52.06349206349207,54.179566563467496,50.54945054945055,49.0566037735849,43.07692307692308,63.19018404907976,50.34013605442177,51.01351351351351,56.655290102389074,52.33333333333333,51.81518151815182,49.09747292418773
Requina,53.69774919614147,57.04918032786885,56.68789808917197,57.770270270270274,56.31399317406144,57.68025078369906,59.81012658227848,53.15315315315316,53.07443365695793,54.79876160990712,49.23076923076923,59.50920245398773,59.39226519337016,57.71604938271605,53.93586005830904,56.16045845272206,58.04195804195804,58.30815709969789,60.810810810810814,56.22775800711744,61.64874551971327,54.54545454545454,54.333333333333336,55.7632398753894,52.31788079470199
Rika,51.51515151515152,48.125,48.56230031948881,49.523809523809526,54.73372781065089,46.50349650349651,48.170731707317074,48.28660436137071,45.85987261146497,45.33333333333333,50.473186119873816,48.71794871794872,54.276315789473685,57.18654434250765,53.64238410596026,52.06349206349207,48.72727272727273,51.91740412979351,52.79503105590062,47.1947194719472,47.43589743589743,47.9876160990712,52.49169435215947,57.84313725490197,41.47157190635451
Roseiri,53.8235294117647,53.25077399380805,54.36893203883495,56.46687697160884,54.90909090909091,51.22699386503068,48.67549668874173,48.25174825174825,55.55555555555556,55.775577557755774,50.49833887043189,48.96755162241888,54.82758620689655,56.493506493506494,51.34228187919463,47.9876160990712,49.34640522875817,50.184501845018445,50.617283950617285,48.49498327759198,50.165016501650165,57.01492537313433,49.53271028037384,57.66666666666666,48.50498338870432
Rubin,46.48829431438127,47.241379310344826,48.17275747508305,47.41935483870968,43.26923076923077,42.80936454849498,38.93129770992366,40.76655052264808,44.08602150537634,38.07829181494662,45.57377049180328,45.91836734693878,47.00598802395209,54.32525951557093,42.76315789473684,46.35761589403973,43.9344262295082,42.22972972972973,43.278688524590166,41.66666666666667,43.85964912280701,39.78102189781022,41.17647058823529,44.14715719063545,45.86206896551724
RubinPF,49.0,55.00000000000001,48.837209302325576,51.46579804560261,49.685534591194966,51.67785234899329,54.14012738853503,44.0,45.80645161290322,48.09688581314879,51.877133105802045,56.53495440729483,54.21245421245421,55.14705882352941,54.98281786941581,55.369127516778526,50.17667844522968,50.0,50.45871559633027,51.97368421052632,48.52459016393443,47.63313609467456,51.73611111111112,56.333333333333336,51.35135135135135
Ruby,52.51572327044025,54.0625,52.25806451612903,58.39160839160839,62.45954692556634,53.956834532374096,50.86505190311419,48.87459807073955,52.05479452054794,50.764525993883794,54.39739413680782,58.174904942965775,55.55555555555556,57.14285714285714,52.84280936454849,55.140186915887845,55.47703180212014,57.4750830564784,56.35179153094463,47.75086505190311,48.34437086092716,53.39506172839506,54.54545454545454,53.25443786982249,53.48837209302325
Sasaki,54.51263537906137,47.88273615635179,46.73202614379085,50.68027210884354,52.33644859813084,51.17056856187291,41.83673469387755,49.185667752443,48.85714285714285,49.696969696969695,51.60256410256411,50.15873015873016,47.59036144578313,47.17607973421927,50.464396284829725,49.09747292418773,46.76470588235294,50.0,46.18055555555556,47.6780185758514,54.87012987012987,48.48484848484848,49.56011730205279,44.518272425249165,44.83870967741935
Scout,55.38461538461539,50.55350553505535,50.50847457627119,49.24812030075188,55.55555555555556,49.24012158054711,42.41486068111456,51.63398692810458,48.95104895104895,55.775577557755774,55.81395348837209,46.93251533742331,48.25174825174825,51.41843971631206,52.23367697594502,56.25,50.31645569620253,51.26582278481012,59.74025974025974,52.8023598820059,50.78369905956113,59.5679012345679,51.12540192926045,53.289473684210535,47.69230769230769
Season,56.9023569023569,53.04878048780488,48.49498327759198,43.97394136807817,46.206896551724135,46.12676056338028,44.32234432234432,47.94520547945205,52.6813880126183,45.608108108108105,57.23905723905723,54.7945205479452,46.57980456026058,53.21100917431193,47.11246200607903,45.23809523809524,50.49833887043189,39.8576512455516,49.50495049504951,51.09717868338558,46.48829431438127,47.20496894409938,56.44599303135889,48.13559322033898,47.46376811594203
Seth,43.43434343434344,50.99337748344372,45.67164179104478,45.42124542124542,50.47619047619048,48.8135593220339,40.625,41.21863799283154,50.49180327868853,49.25816023738873,50.17301038062284,41.52823920265781,50.18181818181818,48.96551724137931,46.36363636363636,58.60805860805861,43.61370716510904,48.35526315789473,51.006711409395976,51.89873417721519,45.14106583072101,57.14285714285714,48.21428571428572,43.8871473354232,47.151898734177216
Shuijing,48.54368932038835,50.34246575342466,46.95340501792115,49.67532467532468,53.65079365079365,50.51903114186851,49.24012158054711,44.13793103448276,50.15673981191222,54.35435435435435,48.18481848184818,50.91575091575091,49.358974358974365,48.21428571428572,50.16835016835017,52.64705882352941,48.97959183673469,50.0,52.94117647058824,53.13432835820896,48.4472049689441,56.04395604395605,50.0,55.4054054054054,50.0
ShuijingAL,60.0,56.79442508710801,52.5,54.91525423728814,55.85284280936455,53.14685314685315,51.52439024390244,58.18815331010453,55.892255892255896,52.42718446601942,53.69774919614147,54.80769230769232,54.63258785942492,55.23809523809524,55.23465703971119,54.57516339869281,46.01226993865031,51.910828025477706,49.56772334293948,49.01960784313725,51.80327868852459,55.62913907284768,57.100591715976336,56.949152542372886,51.61290322580645
Snow,56.14035087719298,54.137931034482754,54.6031746031746,54.72312703583062,60.333333333333336,52.0,51.4018691588785,55.4054054054054,53.26797385620915,57.49999999999999,52.20994475138122,52.87009063444109,54.48504983388705,54.7945205479452,52.54777070063695,51.89873417721519,53.535353535353536,53.47222222222222,56.63082437275986,54.41176470588235,53.37423312883436,58.7248322147651,53.79537953795379,52.922077922077925,50.6578947368421
Sunny,60.06389776357828,54.94505494505495,60.3448275862069,51.877133105802045,53.68421052631579,56.0126582278481,56.76567656765676,54.45544554455446,60.3448275862069,53.94736842105263,58.54430379746836,55.74324324324324,57.23684210526315,61.34185303514377,56.31399317406144,57.10144927536231,53.53846153846153,55.38461538461539,62.88659793814433,53.74592833876222,54.920634920634924,54.4891640866873,52.61538461538462,61.49253731343284,58.45070422535211
Taily,51.74825174825175,54.08163265306123,54.966887417218544,46.82779456193353,48.13559322033898,48.62068965517241,49.523809523809526,44.44444444444444,49.38650306748466,46.95945945945946,49.34640522875817,49.17491749174918,56.58362989323843,57.14285714285714,46.84385382059801,48.59154929577465,46.22641509433962,50.15974440894568,48.734177215189874,45.3125,48.58044164037855,53.51170568561873,44.85981308411215,48.97959183673469,52.51572327044025
Taiyi,48.231511254019296,51.62337662337663,46.95340501792115,51.02739726027398,56.19047619047619,50.5338078291815,42.532467532467535,51.51515151515152,48.69281045751634,55.55555555555556,51.81159420289855,50.15974440894568,47.474747474747474,49.65753424657534,54.39739413680782,58.4070796460177,54.9520766773163,50.69444444444444,50.0,48.734177215189874,49.37888198757764,54.966887417218544,59.28338762214984,59.09090909090909,46.55172413793103
Tian,58.4375,56.47840531561462,56.82539682539682,51.38461538461539,61.0062893081761,54.285714285714285,53.84615384615385,52.20338983050847,50.86505190311419,50.85714285714285,55.73770491803278,53.79746835443038,57.57575757575758,55.62700964630225,56.26911314984709,59.23344947735192,55.04885993485343,53.333333333333336,52.508361204013376,56.271186440677965,49.37106918238994,54.285714285714285,48.231511254019296,55.55555555555556,48.07017543859649
Timber,51.419558359621455,50.30674846625767,51.25786163522013,47.77070063694268,50.0,48.036253776435046,45.59748427672956,48.50498338870432,49.53271028037384,47.54601226993865,53.2258064516129,49.55752212389381,44.696969696969695,53.94736842105263,45.64459930313589,47.58842443729904,50.32051282051282,53.31325301204819,50.60240963855421,48.318042813455655,45.48872180451128,48.51190476190476,48.37758112094395,47.151898734177216,45.54140127388535
Toby,57.01492537313433,58.94736842105262,58.05471124620061,53.52564102564102,56.0655737704918,55.52147239263804,48.38709677419355,53.95189003436426,60.0,54.87012987012987,56.91318327974276,51.985559566787,55.4858934169279,55.94405594405595,49.494949494949495,57.18849840255591,55.932203389830505,55.14950166112956,50.90361445783133,55.2870090634441,53.79537953795379,54.248366013071895,56.25,54.77707006369427,56.14617940199336
TobyRT,57.09969788519638,52.24358974358975,52.614379084967325,52.90519877675841,60.30769230769231,53.453453453453456,53.09734513274337,53.74592833876222,56.451612903225815,55.775577557755774,57.333333333333336,54.516129032258064,55.28169014084507,56.59163987138264,51.903114186851205,59.86842105263158,55.79937304075236,50.77881619937694,50.0,53.264604810996566,55.47945205479452,52.312138728323696,56.91318327974276,58.02047781569966,54.48717948717948
Tom,56.33802816901409,53.398058252427184,51.86335403726709,51.935483870967744,54.0,52.27963525835866,49.079754601227,47.97507788161994,57.23270440251572,49.848942598187314,55.79710144927537,52.03761755485894,50.32258064516129,51.07913669064749,52.92096219931272,56.9620253164557,57.59493670886076,55.700325732899024,50.0,51.81518151815182,51.83946488294314,53.29153605015674,54.36241610738255,56.91318327974276,49.84520123839009
Ulric,50.88967971530249,47.50830564784053,47.38461538461539,52.77777777777778,54.088050314465406,42.29508196721312,49.07407407407408,45.53846153846154,52.38095238095239,44.77124183006536,47.48427672955975,46.20060790273556,50.326797385620914,47.38461538461539,50.495049504950494,55.14285714285714,47.368421052631575,51.41065830721004,45.57823129251701,44.65408805031446,48.54368932038835,48.38709677419355,52.25806451612903,45.608108108108105,48.89705882352941
Waldo,58.36065573770492,55.700325732899024,56.451612903225815,57.14285714285714,62.5,57.14285714285714,55.45454545454545,57.93103448275863,54.57627118644067,55.311355311355314,58.4967320261438,56.12903225806451,54.69255663430421,60.810810810810814,48.08362369337979,57.407407407407405,55.55555555555556,56.69781931464174,55.12048192771084,59.539473684210535,57.377049180327866,49.12891986062718,62.0,54.92537313432836,59.67741935483871
Wenyuan,49.17491749174918,47.77777777777778,51.1326860841424,49.328859060402685,48.333333333333336,44.54828660436137,46.60493827160494,46.13003095975232,52.38095238095239,49.00662251655629,48.795180722891565,41.89602446483181,47.27891156462585,43.333333333333336,45.936395759717314,55.51839464882943,52.121212121212125,42.53968253968254,51.02739726027398,46.66666666666666,45.50898203592814,47.17607973421927,46.62379421221865,50.505050505050505,45.94594594594595
Wolf,47.05882352941176,47.46268656716418,49.69512195121951,54.19161676646706,50.67567567567568,49.46236559139785,48.19672131147541,47.50830564784053,53.72670807453416,39.47368421052632,48.58156028368794,46.2046204620462,49.15254237288136,45.65916398713826,46.60493827160494,50.49180327868853,53.07443365695793,45.928338762214985,50.84175084175085,53.915662650602414,47.85478547854785,47.90996784565916,50.16722408026756,45.51083591331269,44.230769230769226
Wyatt,47.41641337386018,52.61324041811847,44.099378881987576,49.328859060402685,49.6875,43.05555555555556,50.16611295681063,46.17834394904459,48.29721362229103,51.45631067961165,47.8405315614618,46.07843137254902,48.20846905537459,52.06349206349207,49.22600619195047,49.37888198757764,46.885245901639344,40.97859327217125,52.12464589235128,46.66666666666666,50.15479876160991,48.43205574912892,45.45454545454545,43.97394136807817,44.07894736842105
Xunmu,52.459016393442624,57.48502994011976,55.59105431309904,55.016181229773466,52.5974025974026,53.64238410596026,49.03846153846153,52.159468438538205,51.16279069767442,53.125,49.45848375451264,55.18518518518518,54.63917525773196,52.27272727272727,60.509554140127385,57.400722021660656,50.90361445783133,55.44217687074829,52.17391304347826,52.3972602739726,56.07142857142857,58.50340136054422,54.572271386430685,58.13148788927336,52.47524752475248
XunmuAL,54.08163265306123,56.730769230769226,55.016181229773466,53.72168284789643,56.44171779141104,47.9876160990712,54.20875420875421,54.40251572327044,62.06896551724138,52.3972602739726,54.31309904153354,53.84615384615385,54.08163265306123,55.87188612099644,54.966887417218544,57.14285714285714,50.51903114186851,55.39568345323741,54.48504983388705,48.90965732087228,46.66666666666666,50.473186119873816,52.76872964169381,52.24913494809689,54.054054054054056
Xunyu,56.656346749226,58.644067796610166,62.41379310344828,59.02777777777778,54.54545454545454,60.36585365853659,65.47231270358306,52.42424242424243,56.09756097560976,49.82078853046595,62.53968253968254,56.89149560117303,61.63522012578616,61.6822429906542,56.0126582278481,59.813084112149525,54.40251572327044,60.0,62.19931271477663,55.13698630136986,53.70919881305638,54.276315789473685,55.95667870036101,57.87545787545788,55.172413793103445
Yuri,54.69798657718121,59.395973154362416,55.00000000000001,62.53968253968254,59.797297297297305,50.81967213114754,62.96296296296296,57.04697986577181,56.66666666666666,56.88405797101449,57.3208722741433,50.0,59.11764705882353,62.751677852349,57.18849840255591,58.56697819314641,49.2063492063492,53.57142857142857,51.63398692810458,48.40764331210191,49.84126984126984,51.74603174603176,54.0625,56.04026845637584,53.65079365079365
Zed,47.147147147147145,52.71565495207668,46.66666666666666,46.10169491525424,43.40277777777778,46.8013468013468,44.37086092715232,42.333333333333336,49.84520123839009,47.651006711409394,52.94117647058824,43.278688524590166,47.91666666666667,44.79495268138801,44.11764705882353,53.6741214057508,44.64831804281346,44.75524475524475,46.60493827160494,45.426829268292686,48.0,46.85534591194968,48.18481848184818,50.58139534883721,45.77922077922078
ZedAN,54.285714285714285,53.24232081911264,48.99328859060403,48.55305466237942,51.07142857142857,47.151898734177216,45.12987012987013,43.20987654320987,53.105590062111794,48.4593837535014,45.0171821305842,50.14577259475219,52.34657039711191,50.86505190311419,49.83388704318937,61.5916955017301,48.50299401197605,51.26582278481012,46.20253164556962,43.32344213649852,51.52542372881356,49.31506849315068,52.459016393442624,55.417956656346746,46.885245901639344
Zhen,51.546391752577314,50.0,56.22895622895623,46.62379421221865,53.92156862745098,46.20938628158845,46.62379421221865,48.50498338870432,52.508361204013376,54.98281786941581,47.3186119873817,43.8871473354232,52.71565495207668,53.98230088495575,51.63398692810458,54.18060200668896,46.30681818181818,49.52978056426332,55.828220858895705,50.482315112540185,44.88448844884488,50.505050505050505,48.170731707317074,52.0,50.67567567567568
ZhenAL,49.19614147909968,59.934853420195445,50.51194539249146,57.19298245614035,58.0952380952381,57.01754385964912,52.24358974358975,49.66442953020135,55.62700964630225,56.2962962962963,49.3006993006993,52.55255255255256,53.49544072948328,53.271028037383175,54.088050314465406,51.298701298701296,54.16666666666666,46.931407942238266,52.09003215434084,46.45161290322581,52.39616613418531,53.02013422818792,48.87459807073955,54.57516339869281,56.965944272445824
Zyl,45.51495016611295,50.33333333333333,46.39498432601881,50.0,53.5483870967742,47.07792207792208,39.35483870967742,47.46835443037975,46.47435897435898,47.51381215469613,46.3258785942492,47.9876160990712,46.12903225806452,49.67532467532468,42.81150159744409,52.09580838323353,46.85534591194968,38.92857142857143,49.829351535836174,50.308641975308646,42.42424242424242,45.17133956386293,48.70967741935484,50.955414012738856,44.07294832826747
